Manufacturer,Model,pred_Weights
Audi,100,3452.413920312486
Pontiac,Sunbird,2699.824561347148
Chevrolet,Lumina,3135.5410359150023
Mazda,RX-7,2994.1361313605084
Volkswagen,Fox,2261.8565544585817
